"eventId","teamId","match_date","avg_age","youngest","oldest","goals_for","goals_against"
691547,2720,2024-03-30 15:00:00.000 +0100,28.1818181818181818,20,37,5,1
691547,8544,2024-03-30 15:00:00.000 +0100,25.1818181818181818,21,33,1,5
691548,2495,2024-03-31 14:00:00.000 +0200,24.7272727272727273,19,33,3,1
691548,3052,2024-03-31 14:00:00.000 +0200,27.1818181818181818,20,35,1,3
691546,8221,2024-03-31 14:00:00.000 +0200,24.3636363636363636,19,33,4,0
691546,8222,2024-03-31 14:00:00.000 +0200,25.0909090909090909,18,35,0,4
691545,7834,2024-03-31 16:30:00.000 +0200,28.6363636363636364,21,35,0,1
691545,20301,2024-03-31 16:30:00.000 +0200,26.4545454545454545,21,34,1,0
691550,2339,2024-04-01 14:00:00.000 +0200,25.6363636363636364,18,34,4,1
691550,2556,2024-04-01 14:00:00.000 +0200,25.6363636363636364,18,37,1,4
691544,3017,2024-04-01 14:00:00.000 +0200,29.0000000000000000,22,42,0,3
691544,8547,2024-04-01 14:00:00.000 +0200,24.6363636363636364,17,33,3,0
691543,529,2024-04-01 16:30:00.000 +0200,26.3636363636363636,19,34,2,2
691549,994,2024-04-01 16:30:00.000 +0200,26.7777777777777778,18,34,1,0
691543,21382,2024-04-01 16:30:00.000 +0200,24.9090909090909091,20,31,2,2
691549,22163,2024-04-01 16:30:00.000 +0200,24.8750000000000000,20,32,0,1
691558,994,2024-04-06 15:00:00.000 +0200,26.9090909090909091,18,34,2,2
691558,8221,2024-04-06 15:00:00.000 +0200,23.8181818181818182,19,33,2,2
691555,8544,2024-04-06 17:30:00.000 +0200,26.6363636363636364,21,33,0,3
691555,20301,2024-04-06 17:30:00.000 +0200,26.4545454545454545,21,34,3,0
691554,2495,2024-04-07 14:00:00.000 +0200,24.5454545454545455,19,33,0,2
691557,2556,2024-04-07 14:00:00.000 +0200,24.4545454545454545,18,37,0,1
691554,2720,2024-04-07 14:00:00.000 +0200,27.9090909090909091,21,37,2,0
691557,3017,2024-04-07 14:00:00.000 +0200,28.9090909090909091,22,42,1,0
691551,529,2024-04-07 16:30:00.000 +0200,25.8181818181818182,19,34,1,0
691551,22163,2024-04-07 16:30:00.000 +0200,25.0909090909090909,20,32,0,1
691552,3052,2024-04-08 19:00:00.000 +0200,28.9090909090909091,21,38,1,2
691553,8222,2024-04-08 19:00:00.000 +0200,25.6363636363636364,18,33,2,1
691552,8547,2024-04-08 19:00:00.000 +0200,23.8181818181818182,17,33,2,1
691553,21382,2024-04-08 19:00:00.000 +0200,25.0000000000000000,20,31,1,2
691556,2339,2024-04-08 19:10:00.000 +0200,26.0000000000000000,18,35,3,3
691556,7834,2024-04-08 19:10:00.000 +0200,28.9090909090909091,21,35,3,3
691559,994,2024-04-13 15:00:00.000 +0200,27.0000000000000000,22,34,1,1
691559,20301,2024-04-13 15:00:00.000 +0200,26.4545454545454545,21,34,1,1
691564,3017,2024-04-13 17:30:00.000 +0200,27.6363636363636364,20,42,1,0
691564,22163,2024-04-13 17:30:00.000 +0200,25.0909090909090909,20,32,0,1
691563,2556,2024-04-14 14:00:00.000 +0200,24.9090909090909091,18,37,1,0
691563,3052,2024-04-14 14:00:00.000 +0200,28.9090909090909091,21,38,0,1
691560,8222,2024-04-14 14:00:00.000 +0200,25.6363636363636364,18,33,0,1
691560,8544,2024-04-14 14:00:00.000 +0200,25.8181818181818182,20,33,1,0
691565,2339,2024-04-14 16:30:00.000 +0200,25.2727272727272727,18,35,2,0
691565,8547,2024-04-14 16:30:00.000 +0200,23.8181818181818182,17,33,0,2
691566,2720,2024-04-15 19:00:00.000 +0200,27.7272727272727273,21,33,4,0
691561,7834,2024-04-15 19:00:00.000 +0200,28.1818181818181818,21,35,4,3
691561,8221,2024-04-15 19:00:00.000 +0200,23.6363636363636364,19,32,3,4
691566,21382,2024-04-15 19:00:00.000 +0200,24.0909090909090909,20,31,0,4
691562,529,2024-04-15 19:10:00.000 +0200,26.8181818181818182,19,34,0,3
691562,2495,2024-04-15 19:10:00.000 +0200,24.1818181818181818,20,33,3,0
691567,2556,2024-04-20 15:00:00.000 +0200,24.9090909090909091,18,37,1,1
691567,8544,2024-04-20 15:00:00.000 +0200,26.6363636363636364,21,33,1,1
691571,8547,2024-04-20 15:00:00.000 +0200,23.4545454545454545,19,30,0,1
691571,21382,2024-04-20 15:00:00.000 +0200,24.5454545454545455,20,33,1,0
691569,2720,2024-04-20 17:30:00.000 +0200,27.2727272727272727,18,37,1,0
691569,22163,2024-04-20 17:30:00.000 +0200,23.5454545454545455,20,28,0,1
691573,994,2024-04-21 14:00:00.000 +0200,27.0000000000000000,22,34,2,0
691573,2339,2024-04-21 14:00:00.000 +0200,26.0000000000000000,18,35,0,2
691570,8222,2024-04-21 14:00:00.000 +0200,24.8181818181818182,21,30,2,1
691570,20301,2024-04-21 14:00:00.000 +0200,25.5454545454545455,20,34,1,2
691568,2495,2024-04-21 16:30:00.000 +0200,24.0909090909090909,20,33,1,2
691572,3017,2024-04-21 16:30:00.000 +0200,26.4545454545454545,20,35,0,2
691568,7834,2024-04-21 16:30:00.000 +0200,28.5454545454545455,21,35,2,1
691572,8221,2024-04-21 16:30:00.000 +0200,24.0909090909090909,19,32,2,0
691574,529,2024-04-22 19:00:00.000 +0200,27.7272727272727273,21,34,1,2
691574,3052,2024-04-22 19:00:00.000 +0200,28.4545454545454545,21,38,2,1
691579,994,2024-04-24 19:00:00.000 +0200,26.2727272727272727,18,34,2,0
691577,2556,2024-04-24 19:00:00.000 +0200,23.8750000000000000,18,37,0,1
691577,7834,2024-04-24 19:00:00.000 +0200,27.2222222222222222,18,35,1,0
691580,8221,2024-04-24 19:00:00.000 +0200,24.1818181818181818,19,32,1,1
691580,8547,2024-04-24 19:00:00.000 +0200,23.5454545454545455,19,30,1,1
691579,21382,2024-04-24 19:00:00.000 +0200,24.9090909090909091,20,33,0,2
691578,529,2024-04-25 19:00:00.000 +0200,27.0909090909090909,22,34,2,4
691575,2339,2024-04-25 19:00:00.000 +0200,25.2727272727272727,18,35,0,1
691576,2495,2024-04-25 19:00:00.000 +0200,23.3636363636363636,19,33,1,2
691575,2720,2024-04-25 19:00:00.000 +0200,26.9090909090909091,20,37,1,0
691576,3017,2024-04-25 19:00:00.000 +0200,27.9090909090909091,22,35,2,1
691581,3052,2024-04-25 19:00:00.000 +0200,28.6363636363636364,21,38,2,3
691581,8222,2024-04-25 19:00:00.000 +0200,26.2727272727272727,21,35,3,2
691578,8544,2024-04-25 19:00:00.000 +0200,26.4545454545454545,20,33,4,2
691582,20301,2024-04-25 19:00:00.000 +0200,26.5454545454545455,20,31,1,2
691582,22163,2024-04-25 19:00:00.000 +0200,25.8181818181818182,20,33,2,1
691583,994,2024-04-28 14:00:00.000 +0200,27.0909090909090909,21,33,0,5
691583,2720,2024-04-28 14:00:00.000 +0200,26.6363636363636364,19,37,5,0
691590,3017,2024-04-28 14:00:00.000 +0200,27.8181818181818182,22,35,3,1
691590,21382,2024-04-28 14:00:00.000 +0200,25.0000000000000000,20,31,1,3
691586,2339,2024-04-28 16:30:00.000 +0200,28.6363636363636364,21,38,1,0
691584,7834,2024-04-28 16:30:00.000 +0200,29.0000000000000000,21,35,1,2
691586,8222,2024-04-28 16:30:00.000 +0200,24.5454545454545455,19,30,0,1
691584,8544,2024-04-28 16:30:00.000 +0200,25.9090909090909091,21,33,2,1
691589,529,2024-04-29 19:00:00.000 +0200,25.7272727272727273,20,32,2,0
691585,2556,2024-04-29 19:00:00.000 +0200,24.6363636363636364,18,37,3,0
691588,3052,2024-04-29 19:00:00.000 +0200,27.3636363636363636,20,38,2,3
691585,8221,2024-04-29 19:00:00.000 +0200,24.7272727272727273,19,33,0,3
691589,8547,2024-04-29 19:00:00.000 +0200,23.5454545454545455,19,30,0,2
691588,20301,2024-04-29 19:00:00.000 +0200,25.0909090909090909,20,31,3,2
691587,2495,2024-04-29 19:10:00.000 +0200,25.0000000000000000,20,33,2,1
691587,22163,2024-04-29 19:10:00.000 +0200,24.0000000000000000,20,29,1,2
691592,3017,2024-05-04 15:00:00.000 +0200,27.9090909090909091,22,35,2,5
691592,3052,2024-05-04 15:00:00.000 +0200,28.0000000000000000,20,38,5,2
691594,8221,2024-05-04 15:00:00.000 +0200,23.5714285714285714,19,33,1,1
691594,20301,2024-05-04 15:00:00.000 +0200,25.3333333333333333,20,31,1,1
691595,7834,2024-05-04 17:30:00.000 +0200,27.8181818181818182,20,35,3,0
691595,8547,2024-05-04 17:30:00.000 +0200,25.0000000000000000,20,33,0,3
691596,529,2024-05-05 14:00:00.000 +0200,25.4444444444444444,19,34,3,1
691593,2339,2024-05-05 14:00:00.000 +0200,26.3636363636363636,18,35,2,0
691596,2720,2024-05-05 14:00:00.000 +0200,26.8750000000000000,19,35,1,3
691593,22163,2024-05-05 14:00:00.000 +0200,24.3636363636363636,20,31,0,2
691597,994,2024-05-05 16:30:00.000 +0200,28.1818181818181818,23,34,6,2
691598,2495,2024-05-05 16:30:00.000 +0200,25.0000000000000000,20,33,1,2
691597,8544,2024-05-05 16:30:00.000 +0200,26.5454545454545455,20,33,2,6
691598,21382,2024-05-05 16:30:00.000 +0200,26.0909090909090909,20,33,2,1
691591,2556,2024-05-06 19:10:00.000 +0200,24.1818181818181818,18,37,1,2
691591,8222,2024-05-06 19:10:00.000 +0200,26.0000000000000000,21,33,2,1
691602,994,2024-05-11 15:00:00.000 +0200,28.1818181818181818,23,34,1,3
691605,3017,2024-05-11 15:00:00.000 +0200,27.2727272727272727,16,35,1,3
691602,8547,2024-05-11 15:00:00.000 +0200,23.9090909090909091,19,33,3,1
691605,20301,2024-05-11 15:00:00.000 +0200,25.3636363636363636,20,29,3,1
691606,8222,2024-05-11 17:30:00.000 +0200,27.5454545454545455,22,35,2,0
691606,22163,2024-05-11 17:30:00.000 +0200,24.0000000000000000,20,31,0,2
691603,2495,2024-05-12 14:00:00.000 +0200,23.9090909090909091,18,33,2,1
691599,3052,2024-05-12 14:00:00.000 +0200,28.7272727272727273,21,38,1,3
691599,7834,2024-05-12 14:00:00.000 +0200,27.9090909090909091,20,35,3,1
691603,8544,2024-05-12 14:00:00.000 +0200,26.4545454545454545,22,33,1,2
691604,529,2024-05-12 16:30:00.000 +0200,25.5454545454545455,19,34,0,2
691604,2339,2024-05-12 16:30:00.000 +0200,24.8181818181818182,18,30,2,0
691601,8221,2024-05-12 16:30:00.000 +0200,24.6363636363636364,19,33,1,1
691601,21382,2024-05-12 16:30:00.000 +0200,26.0909090909090909,20,33,1,1
691600,2556,2024-05-13 19:10:00.000 +0200,24.9090909090909091,18,37,0,3
691600,2720,2024-05-13 19:10:00.000 +0200,28.0000000000000000,20,37,3,0
691612,529,2024-05-15 19:00:00.000 +0200,25.2727272727272727,19,34,6,1
691612,994,2024-05-15 19:00:00.000 +0200,28.1818181818181818,23,34,1,6
691608,2495,2024-05-15 19:00:00.000 +0200,24.3636363636363636,19,33,0,3
691613,3017,2024-05-15 19:00:00.000 +0200,27.0000000000000000,22,32,3,0
691613,7834,2024-05-15 19:00:00.000 +0200,26.0000000000000000,18,31,0,3
691608,20301,2024-05-15 19:00:00.000 +0200,25.3636363636363636,20,29,3,0
691607,21382,2024-05-15 19:00:00.000 +0200,26.3636363636363636,20,33,2,0
691607,22163,2024-05-15 19:00:00.000 +0200,23.9090909090909091,18,31,0,2
691614,2339,2024-05-16 19:00:00.000 +0200,24.8181818181818182,18,30,5,0
691610,2556,2024-05-16 19:00:00.000 +0200,24.0000000000000000,18,37,2,2
691609,2720,2024-05-16 19:00:00.000 +0200,27.8181818181818182,20,35,1,0
691611,3052,2024-05-16 19:00:00.000 +0200,28.4545454545454545,21,35,1,1
691614,8221,2024-05-16 19:00:00.000 +0200,25.3636363636363636,19,33,0,5
691609,8222,2024-05-16 19:00:00.000 +0200,26.2727272727272727,21,33,0,1
691611,8544,2024-05-16 19:00:00.000 +0200,25.7272727272727273,21,33,1,1
691610,8547,2024-05-16 19:00:00.000 +0200,23.9090909090909091,19,33,2,2
691615,994,2024-05-19 14:00:00.000 +0200,26.5454545454545455,19,34,1,2
691615,2495,2024-05-19 14:00:00.000 +0200,23.9090909090909091,18,33,2,1
691620,8221,2024-05-19 14:00:00.000 +0200,25.0909090909090909,19,33,2,1
691620,8544,2024-05-19 14:00:00.000 +0200,26.2727272727272727,20,33,1,2
691621,529,2024-05-19 16:30:00.000 +0200,25.0909090909090909,19,34,1,2
691618,3052,2024-05-19 16:30:00.000 +0200,28.7272727272727273,20,38,2,0
691621,8222,2024-05-19 16:30:00.000 +0200,26.0000000000000000,18,35,2,1
691618,21382,2024-05-19 16:30:00.000 +0200,26.6363636363636364,20,33,0,2
691619,2339,2024-05-20 19:00:00.000 +0200,26.0000000000000000,18,31,2,0
691619,3017,2024-05-20 19:00:00.000 +0200,27.0000000000000000,22,32,0,2
691622,8547,2024-05-20 19:00:00.000 +0200,23.9090909090909091,19,33,0,0
691622,22163,2024-05-20 19:00:00.000 +0200,25.0000000000000000,20,32,0,0
691616,2720,2024-05-20 19:10:00.000 +0200,26.7272727272727273,19,37,2,2
691616,7834,2024-05-20 19:10:00.000 +0200,27.9090909090909091,20,35,2,2
691617,2556,2024-05-21 19:00:00.000 +0200,23.8181818181818182,18,37,1,0
691617,20301,2024-05-21 19:00:00.000 +0200,24.0000000000000000,20,29,0,1
691629,529,2024-05-24 19:00:00.000 +0200,26.0909090909090909,19,34,2,0
691623,2720,2024-05-24 19:00:00.000 +0200,27.5454545454545455,20,37,5,0
691629,3017,2024-05-24 19:00:00.000 +0200,27.1818181818181818,22,36,0,2
691623,3052,2024-05-24 19:00:00.000 +0200,29.0909090909090909,20,38,0,5
691627,7834,2024-05-25 16:00:00.000 +0200,27.9090909090909091,20,35,0,3
691627,8222,2024-05-25 16:00:00.000 +0200,26.3636363636363636,22,33,3,0
691628,2339,2024-05-25 17:30:00.000 +0200,26.0000000000000000,18,31,3,1
691628,20301,2024-05-25 17:30:00.000 +0200,26.6666666666666667,21,34,1,3
691624,2495,2024-05-26 14:00:00.000 +0200,23.6363636363636364,18,33,3,0
691624,8547,2024-05-26 14:00:00.000 +0200,23.8181818181818182,19,30,0,3
691626,8221,2024-05-26 16:30:00.000 +0200,22.7500000000000000,19,30,1,1
691626,22163,2024-05-26 16:30:00.000 +0200,25.1111111111111111,20,32,1,1
691630,8544,2024-05-27 19:00:00.000 +0200,26.4545454545454545,22,33,0,4
691630,21382,2024-05-27 19:00:00.000 +0200,26.5454545454545455,20,33,4,0
691625,994,2024-05-27 19:10:00.000 +0200,27.1818181818181818,20,34,5,2
691625,2556,2024-05-27 19:10:00.000 +0200,23.8181818181818182,18,37,2,5
691674,529,2024-05-28 19:00:00.000 +0200,26.0909090909090909,19,34,1,2
691674,2720,2024-05-28 19:00:00.000 +0200,28.5454545454545455,20,37,2,1
691675,7834,2024-05-29 19:00:00.000 +0200,26.4545454545454545,18,35,1,2
691675,20301,2024-05-29 19:00:00.000 +0200,26.4545454545454545,21,34,2,1
691638,529,2024-06-01 15:00:00.000 +0200,26.8181818181818182,20,34,0,1
691638,2556,2024-06-01 15:00:00.000 +0200,26.6363636363636364,19,38,1,0
691631,2720,2024-06-01 15:00:00.000 +0200,27.4285714285714286,19,37,2,2
691631,8221,2024-06-01 15:00:00.000 +0200,23.3750000000000000,19,30,2,2
691637,3017,2024-06-01 17:30:00.000 +0200,26.8181818181818182,22,32,4,0
691637,8222,2024-06-01 17:30:00.000 +0200,26.1818181818181818,19,35,0,4
691635,8544,2024-06-01 17:30:00.000 +0200,26.4545454545454545,21,33,1,5
691635,8547,2024-06-01 17:30:00.000 +0200,23.8181818181818182,19,30,5,1
691632,2339,2024-06-02 14:00:00.000 +0200,26.0000000000000000,18,31,0,3
691632,2495,2024-06-02 14:00:00.000 +0200,23.9090909090909091,18,33,3,0
691634,3052,2024-06-02 14:00:00.000 +0200,29.0000000000000000,21,38,0,4
691634,22163,2024-06-02 14:00:00.000 +0200,24.1818181818181818,18,32,4,0
691636,994,2024-06-02 16:30:00.000 +0200,26.7272727272727273,20,34,1,4
691636,7834,2024-06-02 16:30:00.000 +0200,28.0000000000000000,21,35,4,1
691633,20301,2024-06-02 16:30:00.000 +0200,27.2727272727272727,22,34,2,1
691633,21382,2024-06-02 16:30:00.000 +0200,25.8181818181818182,20,33,1,2
691643,529,2024-07-06 15:00:00.000 +0200,26.1818181818181818,20,34,3,0
691643,8221,2024-07-06 15:00:00.000 +0200,24.3636363636363636,19,32,0,3
691645,8547,2024-07-06 15:00:00.000 +0200,23.5000000000000000,19,30,2,3
691645,20301,2024-07-06 15:00:00.000 +0200,26.3333333333333333,20,34,3,2
691642,994,2024-07-07 14:00:00.000 +0200,28.6363636363636364,22,35,1,2
691644,2556,2024-07-07 14:00:00.000 +0200,26.7272727272727273,19,38,0,2
691642,3052,2024-07-07 14:00:00.000 +0200,27.4545454545454545,18,35,2,1
691644,21382,2024-07-07 14:00:00.000 +0200,27.5454545454545455,24,33,2,0
691639,2495,2024-07-07 16:30:00.000 +0200,24.0000000000000000,18,33,0,0
691641,2720,2024-07-07 16:30:00.000 +0200,29.4545454545454545,19,37,5,1
691641,3017,2024-07-07 16:30:00.000 +0200,27.1818181818181818,22,36,1,5
691639,8222,2024-07-07 16:30:00.000 +0200,26.1818181818181818,19,34,0,0
691646,2339,2024-07-08 19:00:00.000 +0200,25.6363636363636364,20,30,3,1
691640,7834,2024-07-08 19:00:00.000 +0200,27.8181818181818182,21,35,2,1
691646,8544,2024-07-08 19:00:00.000 +0200,25.5454545454545455,19,33,1,3
691640,22163,2024-07-08 19:00:00.000 +0200,25.2727272727272727,18,32,1,2
691651,2720,2024-07-13 15:00:00.000 +0200,30.1818181818181818,22,38,1,2
691651,20301,2024-07-13 15:00:00.000 +0200,25.9090909090909091,19,34,2,1
691654,8222,2024-07-13 17:30:00.000 +0200,25.6363636363636364,19,34,1,3
691654,8547,2024-07-13 17:30:00.000 +0200,24.0000000000000000,19,30,3,1
691647,2339,2024-07-14 14:00:00.000 +0200,27.0909090909090909,21,35,1,0
691647,21382,2024-07-14 14:00:00.000 +0200,25.7272727272727273,20,32,0,1
691652,529,2024-07-14 16:30:00.000 +0200,25.0909090909090909,20,34,5,3
691650,3052,2024-07-14 16:30:00.000 +0200,26.9090909090909091,18,35,0,1
691652,7834,2024-07-14 16:30:00.000 +0200,27.9090909090909091,21,35,3,5
691650,8221,2024-07-14 16:30:00.000 +0200,25.0909090909090909,19,34,1,0
691653,8544,2024-07-14 16:30:00.000 +0200,26.2727272727272727,19,33,1,2
691653,22163,2024-07-14 16:30:00.000 +0200,25.2727272727272727,18,32,2,1
691648,994,2024-07-15 19:00:00.000 +0200,26.7272727272727273,20,35,2,1
691649,2495,2024-07-15 19:00:00.000 +0200,24.9090909090909091,18,33,0,1
691649,2556,2024-07-15 19:00:00.000 +0200,25.0909090909090909,19,37,1,0
691648,3017,2024-07-15 19:00:00.000 +0200,26.1818181818181818,22,31,1,2
691657,2720,2024-07-19 19:00:00.000 +0200,25.9090909090909091,19,33,4,3
691657,8547,2024-07-19 19:00:00.000 +0200,23.3636363636363636,19,30,3,4
691656,2339,2024-07-20 15:00:00.000 +0200,28.0000000000000000,21,35,1,2
691656,3052,2024-07-20 15:00:00.000 +0200,28.1818181818181818,18,38,2,1
691655,7834,2024-07-20 15:00:00.000 +0200,26.9090909090909091,18,36,2,2
691655,21382,2024-07-20 15:00:00.000 +0200,27.1818181818181818,20,34,2,2
691659,2495,2024-07-20 17:30:00.000 +0200,23.3636363636363636,18,32,2,0
691659,8221,2024-07-20 17:30:00.000 +0200,25.0909090909090909,19,34,0,2
691660,3017,2024-07-21 14:00:00.000 +0200,27.4545454545454545,22,36,0,1
691660,8544,2024-07-21 14:00:00.000 +0200,26.2727272727272727,19,33,1,0
691658,529,2024-07-21 16:30:00.000 +0200,26.3636363636363636,19,34,3,1
691661,2556,2024-07-21 16:30:00.000 +0200,27.3333333333333333,19,38,1,1
691658,20301,2024-07-21 16:30:00.000 +0200,26.5454545454545455,22,34,1,3
691661,22163,2024-07-21 16:30:00.000 +0200,27.6666666666666667,24,32,1,1
691662,994,2024-07-22 19:00:00.000 +0200,27.0000000000000000,20,35,0,2
691662,8222,2024-07-22 19:00:00.000 +0200,26.2727272727272727,21,34,2,0
691668,3052,2024-07-27 15:00:00.000 +0200,27.6363636363636364,18,38,0,2
691668,8544,2024-07-27 15:00:00.000 +0200,26.3636363636363636,19,33,2,0
691670,2556,2024-07-27 17:30:00.000 +0200,27.7272727272727273,19,38,3,4
691669,2720,2024-07-27 17:30:00.000 +0200,26.5555555555555556,19,37,0,1
691670,8221,2024-07-27 17:30:00.000 +0200,24.4545454545454545,19,34,4,3
691669,8547,2024-07-27 17:30:00.000 +0200,22.7777777777777778,17,30,1,0
691664,3017,2024-07-27 20:00:00.000 +0200,27.7272727272727273,22,42,1,0
691664,21382,2024-07-27 20:00:00.000 +0200,25.3636363636363636,20,32,0,1
691665,529,2024-07-28 16:30:00.000 +0200,26.0000000000000000,19,34,1,2
691665,2339,2024-07-28 16:30:00.000 +0200,25.8000000000000000,18,31,2,1
691663,2495,2024-07-28 16:30:00.000 +0200,24.5454545454545455,18,33,3,0
691666,7834,2024-07-28 16:30:00.000 +0200,27.7272727272727273,21,33,4,0
691663,20301,2024-07-28 16:30:00.000 +0200,26.7272727272727273,22,34,0,3
691666,22163,2024-07-28 16:30:00.000 +0200,24.9090909090909091,18,32,0,4
691667,994,2024-07-29 19:00:00.000 +0200,27.2727272727272727,20,35,0,1
691667,8222,2024-07-29 19:00:00.000 +0200,26.0000000000000000,21,34,1,0
691672,994,2024-08-03 15:00:00.000 +0200,27.5454545454545455,20,35,2,1
691671,8222,2024-08-03 15:00:00.000 +0200,26.3636363636363636,21,35,0,1
691671,8544,2024-08-03 15:00:00.000 +0200,25.5454545454545455,19,33,1,0
691672,22163,2024-08-03 15:00:00.000 +0200,25.2727272727272727,18,32,1,2
691676,3017,2024-08-03 17:30:00.000 +0200,27.4545454545454545,22,42,1,4
691676,8221,2024-08-03 17:30:00.000 +0200,24.4545454545454545,19,34,4,1
691677,2339,2024-08-04 14:00:00.000 +0200,27.6363636363636364,21,35,1,1
691677,2556,2024-08-04 14:00:00.000 +0200,28.0000000000000000,22,38,1,1
691678,8547,2024-08-04 14:00:00.000 +0200,22.9090909090909091,17,30,4,2
691678,21382,2024-08-04 14:00:00.000 +0200,26.5454545454545455,23,32,2,4
691673,2495,2024-08-04 16:30:00.000 +0200,24.8181818181818182,18,33,4,1
691673,3052,2024-08-04 16:30:00.000 +0200,27.8181818181818182,18,38,1,4
691679,2720,2024-08-10 15:00:00.000 +0200,28.1666666666666667,19,37,1,0
691679,3017,2024-08-10 15:00:00.000 +0200,27.1666666666666667,22,42,0,1
691686,8544,2024-08-10 15:00:00.000 +0200,24.3636363636363636,19,33,2,1
691686,22163,2024-08-10 15:00:00.000 +0200,24.7272727272727273,18,30,1,2
691682,2556,2024-08-10 17:30:00.000 +0200,30.2857142857142857,24,38,0,0
691682,21382,2024-08-10 17:30:00.000 +0200,28.2857142857142857,24,34,0,0
691685,529,2024-08-11 16:00:00.000 +0200,25.3636363636363636,19,34,2,1
691683,994,2024-08-11 16:00:00.000 +0200,26.6363636363636364,19,35,1,0
691684,3052,2024-08-11 16:00:00.000 +0200,29.1818181818181818,18,39,1,3
691685,8222,2024-08-11 16:00:00.000 +0200,24.5454545454545455,19,34,1,2
691684,8547,2024-08-11 16:00:00.000 +0200,23.0000000000000000,17,30,3,1
691683,20301,2024-08-11 16:00:00.000 +0200,25.7272727272727273,19,34,0,1
691680,2495,2024-08-12 19:00:00.000 +0200,24.7272727272727273,18,33,3,3
691680,8221,2024-08-12 19:00:00.000 +0200,23.2727272727272727,19,32,3,3
691692,2495,2024-08-17 15:00:00.000 +0200,23.4545454545454545,18,33,3,0
691693,2556,2024-08-17 15:00:00.000 +0200,28.0909090909090909,22,37,1,1
691688,2720,2024-08-17 15:00:00.000 +0200,25.5454545454545455,18,36,2,1
691688,8544,2024-08-17 15:00:00.000 +0200,25.6363636363636364,19,33,1,2
691693,8547,2024-08-17 15:00:00.000 +0200,22.5454545454545455,17,30,1,1
691692,21382,2024-08-17 15:00:00.000 +0200,27.0909090909090909,20,34,0,3
691690,3052,2024-08-17 17:30:00.000 +0200,27.1818181818181818,21,33,1,2
691690,22163,2024-08-17 17:30:00.000 +0200,24.8181818181818182,18,30,2,1
691687,529,2024-08-18 14:00:00.000 +0200,25.9090909090909091,19,34,1,1
691689,994,2024-08-18 14:00:00.000 +0200,26.9090909090909091,19,35,2,0
691689,2339,2024-08-18 14:00:00.000 +0200,28.0909090909090909,21,35,0,2
691694,7834,2024-08-18 14:00:00.000 +0200,26.8181818181818182,18,36,3,1
691694,8221,2024-08-18 14:00:00.000 +0200,24.9090909090909091,19,34,1,3
691687,20301,2024-08-18 14:00:00.000 +0200,26.2727272727272727,22,34,1,1
691691,3017,2024-08-18 16:30:00.000 +0200,26.8181818181818182,22,42,1,3
691691,8222,2024-08-18 16:30:00.000 +0200,26.2727272727272727,21,34,3,1
691699,2720,2024-08-24 15:00:00.000 +0200,25.6363636363636364,18,37,2,2
691699,3052,2024-08-24 15:00:00.000 +0200,25.8181818181818182,18,33,2,2
691696,529,2024-08-25 14:00:00.000 +0200,25.9090909090909091,21,32,3,1
691697,2339,2024-08-25 14:00:00.000 +0200,28.3636363636363636,20,38,1,0
691696,2556,2024-08-25 14:00:00.000 +0200,27.7272727272727273,22,38,1,3
691697,8547,2024-08-25 14:00:00.000 +0200,22.9090909090909091,17,30,0,1
691695,994,2024-08-25 16:30:00.000 +0200,26.0909090909090909,19,33,2,1
691700,7834,2024-08-25 16:30:00.000 +0200,25.9090909090909091,18,35,1,1
691695,8221,2024-08-25 16:30:00.000 +0200,24.3750000000000000,19,34,1,2
691700,21382,2024-08-25 16:30:00.000 +0200,25.5454545454545455,20,34,1,1
691701,2495,2024-08-26 19:00:00.000 +0200,24.8181818181818182,18,33,0,0
691702,3017,2024-08-26 19:00:00.000 +0200,28.1818181818181818,22,42,0,1
691701,8222,2024-08-26 19:00:00.000 +0200,26.0000000000000000,21,34,0,0
691698,8544,2024-08-26 19:00:00.000 +0200,25.6363636363636364,19,33,1,2
691698,20301,2024-08-26 19:00:00.000 +0200,24.7272727272727273,20,34,2,1
691702,22163,2024-08-26 19:00:00.000 +0200,25.0909090909090909,19,31,1,0
691707,994,2024-08-31 15:00:00.000 +0200,27.8181818181818182,19,35,1,0
691709,3052,2024-08-31 15:00:00.000 +0200,28.2727272727272727,18,39,1,1
691709,8222,2024-08-31 15:00:00.000 +0200,25.2727272727272727,19,32,1,1
691707,21382,2024-08-31 15:00:00.000 +0200,24.9090909090909091,20,32,0,1
691705,3017,2024-08-31 17:30:00.000 +0200,26.9090909090909091,21,42,1,3
691706,8547,2024-08-31 17:30:00.000 +0200,22.7272727272727273,17,30,2,1
691705,20301,2024-08-31 17:30:00.000 +0200,24.9090909090909091,20,29,3,1
691706,22163,2024-08-31 17:30:00.000 +0200,25.7272727272727273,21,31,1,2
691703,529,2024-09-01 14:00:00.000 +0200,24.4545454545454545,19,34,3,3
691704,2339,2024-09-01 14:00:00.000 +0200,28.0909090909090909,18,35,0,4
691704,2720,2024-09-01 14:00:00.000 +0200,28.7272727272727273,21,37,4,0
691703,8221,2024-09-01 14:00:00.000 +0200,25.8181818181818182,19,34,3,3
691708,2495,2024-09-01 16:30:00.000 +0200,24.6363636363636364,18,33,1,0
691708,2556,2024-09-01 16:30:00.000 +0200,27.6363636363636364,22,38,0,1
691710,7834,2024-09-01 16:30:00.000 +0200,27.1818181818181818,18,36,3,3
691710,8544,2024-09-01 16:30:00.000 +0200,24.9090909090909091,19,33,3,3
691718,8222,2024-09-14 15:00:00.000 +0200,26.4545454545454545,21,34,3,2
691718,22163,2024-09-14 15:00:00.000 +0200,24.2727272727272727,19,31,2,3
691713,994,2024-09-15 14:00:00.000 +0200,28.0909090909090909,20,35,0,0
691714,2339,2024-09-15 14:00:00.000 +0200,29.1818181818181818,18,38,1,1
691713,2720,2024-09-15 14:00:00.000 +0200,26.9090909090909091,19,33,0,0
691712,8221,2024-09-15 14:00:00.000 +0200,26.1818181818181818,19,34,2,3
691712,8547,2024-09-15 14:00:00.000 +0200,23.0909090909090909,17,30,3,2
691714,20301,2024-09-15 14:00:00.000 +0200,25.0000000000000000,20,29,1,1
691717,529,2024-09-15 16:30:00.000 +0200,25.8181818181818182,19,34,1,0
691715,2556,2024-09-15 16:30:00.000 +0200,27.4545454545454545,22,38,3,3
691717,3017,2024-09-15 16:30:00.000 +0200,26.6363636363636364,21,36,0,1
691711,3052,2024-09-15 16:30:00.000 +0200,27.5454545454545455,18,39,3,1
691715,7834,2024-09-15 16:30:00.000 +0200,26.4545454545454545,18,36,3,3
691711,21382,2024-09-15 16:30:00.000 +0200,25.0909090909090909,20,34,1,3
691716,2495,2024-09-16 19:10:00.000 +0200,24.8181818181818182,19,33,1,1
691716,8544,2024-09-16 19:10:00.000 +0200,25.9090909090909091,20,33,1,1
691733,2720,2024-09-18 19:00:00.000 +0200,27.7272727272727273,19,37,0,0
691733,8222,2024-09-18 19:00:00.000 +0200,26.0909090909090909,21,34,0,0
691730,529,2024-09-19 19:00:00.000 +0200,25.9090909090909091,20,34,2,2
691681,2339,2024-09-19 19:00:00.000 +0200,27.0000000000000000,18,35,2,1
691681,7834,2024-09-19 19:00:00.000 +0200,26.4545454545454545,18,31,1,2
691730,8544,2024-09-19 19:00:00.000 +0200,24.2727272727272727,19,33,2,2
691722,994,2024-09-21 15:00:00.000 +0200,28.0909090909090909,20,35,1,0
691722,3052,2024-09-21 15:00:00.000 +0200,28.3636363636363636,20,39,0,1
691719,8221,2024-09-21 17:30:00.000 +0200,25.2727272727272727,19,32,0,0
691719,20301,2024-09-21 17:30:00.000 +0200,26.3636363636363636,22,34,0,0
691720,529,2024-09-22 14:00:00.000 +0200,26.2727272727272727,20,34,0,0
691726,2339,2024-09-22 14:00:00.000 +0200,28.7272727272727273,18,38,0,3
691720,2495,2024-09-22 14:00:00.000 +0200,24.2727272727272727,18,33,0,0
691726,8222,2024-09-22 14:00:00.000 +0200,25.2727272727272727,21,32,3,0
691725,21382,2024-09-22 14:00:00.000 +0200,23.9090909090909091,20,28,2,0
691725,22163,2024-09-22 14:00:00.000 +0200,24.2727272727272727,19,32,0,2
691723,2720,2024-09-22 16:30:00.000 +0200,29.4545454545454545,21,38,4,0
691723,7834,2024-09-22 16:30:00.000 +0200,27.8181818181818182,18,36,0,4
691721,2556,2024-09-23 19:00:00.000 +0200,27.4545454545454545,22,38,1,1
691721,3017,2024-09-23 19:00:00.000 +0200,27.0909090909090909,22,36,1,1
691732,994,2024-09-25 19:00:00.000 +0200,26.7272727272727273,19,35,1,0
691731,2339,2024-09-25 19:00:00.000 +0200,27.0909090909090909,18,35,2,1
691731,8221,2024-09-25 19:00:00.000 +0200,26.5454545454545455,19,34,1,2
691732,8547,2024-09-25 19:00:00.000 +0200,23.0909090909090909,17,30,0,1
691729,20301,2024-09-25 19:00:00.000 +0200,24.5454545454545455,19,34,1,1
691729,21382,2024-09-25 19:00:00.000 +0200,24.2727272727272727,20,32,1,1
691728,2495,2024-09-26 19:00:00.000 +0200,24.5454545454545455,18,33,2,0
691734,2556,2024-09-26 19:00:00.000 +0200,26.4545454545454545,22,37,1,1
691727,3017,2024-09-26 19:00:00.000 +0200,27.2727272727272727,21,42,2,2
691727,3052,2024-09-26 19:00:00.000 +0200,26.3636363636363636,18,35,2,2
691728,7834,2024-09-26 19:00:00.000 +0200,28.1818181818181818,21,36,0,2
691734,22163,2024-09-26 19:00:00.000 +0200,25.5454545454545455,21,32,1,1
691737,994,2024-09-29 14:00:00.000 +0200,28.0909090909090909,20,35,1,0
691735,2339,2024-09-29 14:00:00.000 +0200,26.7272727272727273,18,35,1,1
691737,2495,2024-09-29 14:00:00.000 +0200,24.3636363636363636,18,33,0,1
691740,3017,2024-09-29 14:00:00.000 +0200,27.0000000000000000,21,42,0,0
691740,8544,2024-09-29 14:00:00.000 +0200,25.5454545454545455,20,33,0,0
691735,21382,2024-09-29 14:00:00.000 +0200,25.0000000000000000,20,32,1,1
691742,529,2024-09-29 16:30:00.000 +0200,26.2727272727272727,19,34,3,1
691736,2720,2024-09-29 16:30:00.000 +0200,29.9090909090909091,21,38,2,0
691742,3052,2024-09-29 16:30:00.000 +0200,28.2727272727272727,18,39,1,3
691741,7834,2024-09-29 16:30:00.000 +0200,26.8181818181818182,18,36,2,0
691741,8547,2024-09-29 16:30:00.000 +0200,22.8181818181818182,17,28,0,2
691736,20301,2024-09-29 16:30:00.000 +0200,26.2727272727272727,22,34,0,2
691738,8221,2024-09-30 19:00:00.000 +0200,25.9090909090909091,20,32,2,1
691738,22163,2024-09-30 19:00:00.000 +0200,24.7272727272727273,19,32,1,2
691739,2556,2024-09-30 19:10:00.000 +0200,27.4545454545454545,22,38,2,0
691739,8222,2024-09-30 19:10:00.000 +0200,25.8181818181818182,21,34,0,2
691724,8544,2024-10-03 19:00:00.000 +0200,25.5454545454545455,20,33,0,2
691724,8547,2024-10-03 19:00:00.000 +0200,23.3636363636363636,19,30,2,0
691747,2495,2024-10-05 15:00:00.000 +0200,24.6363636363636364,18,33,1,0
691747,3017,2024-10-05 15:00:00.000 +0200,26.7272727272727273,21,42,0,1
691744,20301,2024-10-05 15:00:00.000 +0200,25.1818181818181818,20,34,2,1
691744,22163,2024-10-05 15:00:00.000 +0200,27.3636363636363636,21,34,1,2
691743,8221,2024-10-05 17:30:00.000 +0200,25.6363636363636364,19,33,2,0
691743,8222,2024-10-05 17:30:00.000 +0200,23.5454545454545455,19,30,0,2
691750,994,2024-10-06 14:00:00.000 +0200,29.1818181818181818,22,35,0,2
691749,2339,2024-10-06 14:00:00.000 +0200,28.8181818181818182,18,35,1,1
691749,3052,2024-10-06 14:00:00.000 +0200,28.9090909090909091,18,39,1,1
691750,7834,2024-10-06 14:00:00.000 +0200,27.5454545454545455,18,36,2,0
691748,529,2024-10-06 16:30:00.000 +0200,27.2727272727272727,21,34,1,4
691745,2556,2024-10-06 16:30:00.000 +0200,26.9090909090909091,22,37,2,0
691746,2720,2024-10-06 16:30:00.000 +0200,27.5454545454545455,19,37,1,1
691745,8544,2024-10-06 16:30:00.000 +0200,25.4545454545454545,20,33,0,2
691748,8547,2024-10-06 16:30:00.000 +0200,22.9090909090909091,17,30,4,1
691746,21382,2024-10-06 16:30:00.000 +0200,24.5454545454545455,20,32,1,1
691754,529,2024-10-19 15:00:00.000 +0200,26.0909090909090909,20,34,1,3
691757,2720,2024-10-19 15:00:00.000 +0200,29.0909090909090909,21,38,1,1
691754,7834,2024-10-19 15:00:00.000 +0200,27.7272727272727273,18,36,3,1
691757,22163,2024-10-19 15:00:00.000 +0200,24.5454545454545455,19,29,1,1
691755,3017,2024-10-19 17:30:00.000 +0200,27.1818181818181818,21,42,3,1
691755,8547,2024-10-19 17:30:00.000 +0200,22.1818181818181818,17,28,1,3
691751,3052,2024-10-20 14:00:00.000 +0200,28.1818181818181818,18,39,0,3
691751,20301,2024-10-20 14:00:00.000 +0200,26.0000000000000000,20,34,3,0
691758,8222,2024-10-20 16:30:00.000 +0200,26.4545454545454545,19,34,0,0
691758,21382,2024-10-20 16:30:00.000 +0200,24.2727272727272727,20,32,0,0
691753,2339,2024-10-21 14:00:00.000 +0200,27.9090909090909091,18,35,0,2
691753,2495,2024-10-21 14:00:00.000 +0200,25.1818181818181818,18,33,2,0
691752,8221,2024-10-21 19:00:00.000 +0200,26.1818181818181818,19,34,1,1
691752,8544,2024-10-21 19:00:00.000 +0200,26.7272727272727273,20,33,1,1
691756,994,2024-10-21 19:10:00.000 +0200,28.0909090909090909,20,35,2,1
691756,2556,2024-10-21 19:10:00.000 +0200,26.9090909090909091,21,37,1,2
691765,2495,2024-10-26 15:00:00.000 +0200,24.7272727272727273,18,33,3,0
691762,8222,2024-10-26 15:00:00.000 +0200,25.7272727272727273,20,32,1,1
691765,8547,2024-10-26 15:00:00.000 +0200,23.0000000000000000,19,28,0,3
691762,20301,2024-10-26 15:00:00.000 +0200,26.0000000000000000,20,34,1,1
691766,3052,2024-10-26 17:30:00.000 +0200,29.1818181818181818,23,36,2,1
691766,8221,2024-10-26 17:30:00.000 +0200,26.1818181818181818,19,34,1,2
691761,529,2024-10-27 14:00:00.000 +0100,26.9090909090909091,20,34,1,2
691761,994,2024-10-27 14:00:00.000 +0100,27.1818181818181818,20,35,2,1
691760,8544,2024-10-27 14:00:00.000 +0100,27.5454545454545455,20,33,2,1
691760,21382,2024-10-27 14:00:00.000 +0100,24.4545454545454545,20,32,1,2
691759,3017,2024-10-27 16:30:00.000 +0100,27.1818181818181818,21,42,1,0
691759,7834,2024-10-27 16:30:00.000 +0100,26.6363636363636364,19,36,0,1
691763,2339,2024-10-28 19:00:00.000 +0100,28.5454545454545455,18,35,2,1
691763,22163,2024-10-28 19:00:00.000 +0100,24.3636363636363636,19,29,1,2
691764,2556,2024-10-28 19:10:00.000 +0100,27.2727272727272727,22,37,1,2
691764,2720,2024-10-28 19:10:00.000 +0100,29.8181818181818182,24,38,2,1
691769,529,2024-11-02 15:00:00.000 +0100,24.2727272727272727,19,31,1,0
691771,2495,2024-11-02 15:00:00.000 +0100,24.9090909090909091,18,33,2,2
691771,2720,2024-11-02 15:00:00.000 +0100,22.4545454545454545,18,31,2,2
691769,22163,2024-11-02 15:00:00.000 +0100,24.0909090909090909,19,32,0,1
691772,2556,2024-11-02 17:30:00.000 +0100,27.2500000000000000,24,37,1,1
691772,3052,2024-11-02 17:30:00.000 +0100,28.4000000000000000,18,36,1,1
691768,7834,2024-11-03 14:00:00.000 +0100,27.0000000000000000,19,36,1,2
691767,8221,2024-11-03 14:00:00.000 +0100,24.8181818181818182,18,34,0,1
691768,8222,2024-11-03 14:00:00.000 +0100,24.0909090909090909,20,30,2,1
691767,21382,2024-11-03 14:00:00.000 +0100,25.1818181818181818,20,32,1,0
691770,2339,2024-11-03 16:30:00.000 +0100,27.7272727272727273,18,35,0,1
691770,3017,2024-11-03 16:30:00.000 +0100,27.6363636363636364,21,42,1,0
691774,8547,2024-11-03 16:30:00.000 +0100,22.4545454545454545,17,29,1,1
691774,20301,2024-11-03 16:30:00.000 +0100,25.9090909090909091,20,34,1,1
691773,994,2024-11-04 19:10:00.000 +0100,27.0000000000000000,20,35,0,1
691773,8544,2024-11-04 19:10:00.000 +0100,26.7272727272727273,20,33,1,0
691782,529,2024-11-10 15:00:00.000 +0100,24.4545454545454545,19,31,0,0
691781,994,2024-11-10 15:00:00.000 +0100,27.7272727272727273,20,35,5,1
691776,2339,2024-11-10 15:00:00.000 +0100,28.1818181818181818,18,35,3,1
691780,2495,2024-11-10 15:00:00.000 +0100,22.0909090909090909,16,31,0,1
691779,2556,2024-11-10 15:00:00.000 +0100,26.8181818181818182,22,37,0,1
691778,2720,2024-11-10 15:00:00.000 +0100,26.0909090909090909,18,37,2,1
691781,3017,2024-11-10 15:00:00.000 +0100,27.6363636363636364,21,42,1,5
691777,3052,2024-11-10 15:00:00.000 +0100,24.9090909090909091,18,33,1,0
691777,7834,2024-11-10 15:00:00.000 +0100,26.0000000000000000,19,36,0,1
691778,8221,2024-11-10 15:00:00.000 +0100,24.4545454545454545,19,34,1,2
691775,8222,2024-11-10 15:00:00.000 +0100,24.0000000000000000,20,30,2,1
691776,8544,2024-11-10 15:00:00.000 +0100,25.6363636363636364,19,33,1,3
691775,8547,2024-11-10 15:00:00.000 +0100,21.8181818181818182,17,28,1,2
691779,20301,2024-11-10 15:00:00.000 +0100,25.1818181818181818,20,34,1,0
691782,21382,2024-11-10 15:00:00.000 +0100,25.1818181818181818,20,32,0,0
691780,22163,2024-11-10 15:00:00.000 +0100,25.0000000000000000,19,31,1,0
725802,2339,2025-03-29 15:00:00.000 +0100,27.5454545454545455,19,35,0,1
725802,2720,2025-03-29 15:00:00.000 +0100,28.4545454545454545,21,34,1,0
725806,7834,2025-03-29 17:30:00.000 +0100,26.6000000000000000,19,32,2,0
725806,8221,2025-03-29 17:30:00.000 +0100,25.8000000000000000,20,36,0,2
725803,529,2025-03-30 14:00:00.000 +0200,26.4545454545454545,19,35,2,2
725805,2495,2025-03-30 14:00:00.000 +0200,25.0909090909090909,21,34,4,0
725805,2556,2025-03-30 14:00:00.000 +0200,24.8181818181818182,19,38,0,4
725803,20301,2025-03-30 14:00:00.000 +0200,25.2727272727272727,20,30,2,2
725807,2936,2025-03-30 16:30:00.000 +0200,25.0000000000000000,19,28,3,4
725808,3017,2025-03-30 16:30:00.000 +0200,24.8750000000000000,17,32,0,5
725807,8544,2025-03-30 16:30:00.000 +0200,25.1818181818181818,20,32,4,3
725808,20856,2025-03-30 16:30:00.000 +0200,25.2000000000000000,22,28,5,0
725809,8547,2025-03-31 19:00:00.000 +0200,23.3636363636363636,18,30,2,1
725809,21382,2025-03-31 19:00:00.000 +0200,26.2727272727272727,21,32,1,2
725804,994,2025-03-31 19:10:00.000 +0200,27.0000000000000000,18,35,1,0
725804,8222,2025-03-31 19:10:00.000 +0200,25.8181818181818182,22,32,0,1
725816,2339,2025-04-05 15:00:00.000 +0200,26.1818181818181818,18,33,1,0
725813,2556,2025-04-05 15:00:00.000 +0200,25.7272727272727273,19,38,1,0
725813,3017,2025-04-05 15:00:00.000 +0200,25.4545454545454545,17,32,0,1
725816,8547,2025-04-05 15:00:00.000 +0200,23.5454545454545455,18,30,0,1
725810,2936,2025-04-05 17:30:00.000 +0200,24.5454545454545455,19,28,2,0
725810,7834,2025-04-05 17:30:00.000 +0200,25.8181818181818182,19,32,0,2
725812,994,2025-04-06 14:00:00.000 +0200,27.3636363636363636,18,35,4,3
725811,2495,2025-04-06 14:00:00.000 +0200,25.0909090909090909,21,34,2,0
725811,8221,2025-04-06 14:00:00.000 +0200,25.3636363636363636,19,36,0,2
725812,8544,2025-04-06 14:00:00.000 +0200,23.1818181818181818,17,32,3,4
725815,8222,2025-04-06 16:30:00.000 +0200,25.2727272727272727,20,32,1,1
725815,20301,2025-04-06 16:30:00.000 +0200,26.5454545454545455,20,35,1,1
725817,20856,2025-04-06 16:30:00.000 +0200,25.2000000000000000,18,32,1,0
725817,21382,2025-04-06 16:30:00.000 +0200,25.6363636363636364,21,32,0,1
725814,529,2025-04-07 19:10:00.000 +0200,26.5454545454545455,19,35,1,2
725814,2720,2025-04-07 19:10:00.000 +0200,27.3636363636363636,21,34,2,1
725823,7834,2025-04-12 15:00:00.000 +0200,27.3636363636363636,19,34,0,3
725823,20301,2025-04-12 15:00:00.000 +0200,25.3636363636363636,20,30,3,0
725819,529,2025-04-12 17:30:00.000 +0200,26.1818181818181818,19,35,2,0
725819,8544,2025-04-12 17:30:00.000 +0200,24.7272727272727273,17,32,0,2
725822,2339,2025-04-13 14:00:00.000 +0200,27.0000000000000000,18,36,0,2
725822,2495,2025-04-13 14:00:00.000 +0200,25.0909090909090909,21,34,2,0
725825,2556,2025-04-13 14:00:00.000 +0200,25.1818181818181818,19,38,1,0
725825,21382,2025-04-13 14:00:00.000 +0200,26.0000000000000000,21,32,0,1
725824,8221,2025-04-13 16:30:00.000 +0200,25.2727272727272727,19,36,3,0
725820,8222,2025-04-13 16:30:00.000 +0200,25.5454545454545455,20,32,2,0
725824,8547,2025-04-13 16:30:00.000 +0200,23.5454545454545455,18,30,0,3
725820,20856,2025-04-13 16:30:00.000 +0200,25.7000000000000000,22,32,0,2
725821,2936,2025-04-14 19:00:00.000 +0200,24.5454545454545455,19,28,0,1
725821,3017,2025-04-14 19:00:00.000 +0200,25.9090909090909091,17,32,1,0
725818,994,2025-04-14 19:10:00.000 +0200,28.1818181818181818,24,34,0,0
725818,2720,2025-04-14 19:10:00.000 +0200,27.4545454545454545,21,34,0,0
725831,2495,2025-04-18 15:00:00.000 +0200,24.9090909090909091,19,34,1,3
725830,2720,2025-04-18 15:00:00.000 +0200,26.0000000000000000,18,34,1,1
725830,8547,2025-04-18 15:00:00.000 +0200,23.4545454545454545,18,30,1,1
725831,20301,2025-04-18 15:00:00.000 +0200,24.4545454545454545,20,30,3,1
725827,529,2025-04-19 15:00:00.000 +0200,26.1818181818181818,19,35,1,0
725832,3017,2025-04-19 15:00:00.000 +0200,25.9090909090909091,17,32,0,3
725832,8544,2025-04-19 15:00:00.000 +0200,25.0909090909090909,20,32,3,0
725827,20856,2025-04-19 15:00:00.000 +0200,24.8000000000000000,18,32,0,1
725833,994,2025-04-20 14:00:00.000 +0200,29.0000000000000000,24,35,1,0
725833,2936,2025-04-20 14:00:00.000 +0200,25.0000000000000000,19,28,0,1
725826,8221,2025-04-20 14:00:00.000 +0200,25.2727272727272727,19,36,3,2
725826,21382,2025-04-20 14:00:00.000 +0200,26.1818181818181818,21,32,2,3
725829,2556,2025-04-20 16:30:00.000 +0200,24.6363636363636364,19,38,2,3
725829,7834,2025-04-20 16:30:00.000 +0200,27.0000000000000000,17,34,3,2
725828,2339,2025-04-21 14:00:00.000 +0200,27.0909090909090909,18,36,0,0
725828,8222,2025-04-21 14:00:00.000 +0200,25.6363636363636364,20,32,0,0
725835,529,2025-04-23 19:00:00.000 +0200,26.0000000000000000,19,35,4,3
725838,2495,2025-04-23 19:00:00.000 +0200,25.0909090909090909,21,34,2,0
725838,2720,2025-04-23 19:00:00.000 +0200,24.9090909090909091,19,34,0,2
725837,3017,2025-04-23 19:00:00.000 +0200,25.0000000000000000,17,32,1,3
725839,7834,2025-04-23 19:00:00.000 +0200,26.6000000000000000,17,34,3,4
725835,8547,2025-04-23 19:00:00.000 +0200,23.1818181818181818,18,30,3,4
725837,20301,2025-04-23 19:00:00.000 +0200,24.4545454545454545,20,30,3,1
725839,20856,2025-04-23 19:00:00.000 +0200,23.4285714285714286,18,28,4,3
725841,994,2025-04-24 19:00:00.000 +0200,26.8181818181818182,17,35,2,1
725834,2339,2025-04-24 19:00:00.000 +0200,25.5454545454545455,18,36,1,0
725840,2556,2025-04-24 19:00:00.000 +0200,24.7272727272727273,19,38,3,2
725834,2936,2025-04-24 19:00:00.000 +0200,24.9090909090909091,21,28,0,1
725836,8221,2025-04-24 19:00:00.000 +0200,24.6363636363636364,16,36,1,1
725836,8222,2025-04-24 19:00:00.000 +0200,26.0000000000000000,22,32,1,1
725840,8544,2025-04-24 19:00:00.000 +0200,25.0909090909090909,17,32,2,3
725841,21382,2025-04-24 19:00:00.000 +0200,26.2727272727272727,21,32,1,2
725845,2495,2025-04-27 14:00:00.000 +0200,24.2727272727272727,21,32,1,1
725845,7834,2025-04-27 14:00:00.000 +0200,27.1818181818181818,17,36,1,1
725843,20301,2025-04-27 14:00:00.000 +0200,24.4000000000000000,20,30,4,1
725843,20856,2025-04-27 14:00:00.000 +0200,25.4285714285714286,18,29,1,4
725842,529,2025-04-27 16:00:00.000 +0200,25.9090909090909091,19,35,0,2
725842,994,2025-04-27 16:00:00.000 +0200,29.0000000000000000,24,35,2,0
725844,3017,2025-04-27 16:30:00.000 +0200,24.1818181818181818,16,32,1,1
725849,8544,2025-04-27 16:30:00.000 +0200,24.8181818181818182,20,32,3,1
725844,8547,2025-04-27 16:30:00.000 +0200,23.3636363636363636,18,31,1,1
725849,21382,2025-04-27 16:30:00.000 +0200,25.6666666666666667,23,30,1,3
725848,2556,2025-04-28 19:10:00.000 +0200,24.7272727272727273,19,38,1,1
725848,8222,2025-04-28 19:10:00.000 +0200,25.4545454545454545,20,32,1,1
725847,2720,2025-04-29 19:00:00.000 +0200,26.2727272727272727,20,34,2,0
725847,2936,2025-04-29 19:00:00.000 +0200,24.4545454545454545,19,28,0,2
725852,8547,2025-05-03 15:00:00.000 +0200,23.9090909090909091,18,31,1,1
725852,20856,2025-05-03 15:00:00.000 +0200,25.9000000000000000,20,32,1,1
725853,3017,2025-05-03 17:30:00.000 +0200,23.7272727272727273,16,32,4,2
725853,21382,2025-05-03 17:30:00.000 +0200,27.0909090909090909,24,32,2,4
725850,994,2025-05-04 14:00:00.000 +0200,29.3636363636363636,24,35,1,1
725850,2339,2025-05-04 14:00:00.000 +0200,26.4545454545454545,18,36,1,1
725856,7834,2025-05-04 14:00:00.000 +0200,27.8181818181818182,17,36,2,0
725856,8544,2025-05-04 14:00:00.000 +0200,25.8181818181818182,20,32,0,2
725857,2495,2025-05-04 16:30:00.000 +0200,25.0909090909090909,21,34,3,0
725855,2556,2025-05-04 16:30:00.000 +0200,25.1818181818181818,19,38,0,1
725857,2936,2025-05-04 16:30:00.000 +0200,24.3636363636363636,19,28,0,3
725855,20301,2025-05-04 16:30:00.000 +0200,25.4545454545454545,20,30,1,0
725854,2720,2025-05-05 19:00:00.000 +0200,26.0000000000000000,20,34,1,2
725854,8221,2025-05-05 19:00:00.000 +0200,23.5454545454545455,16,36,2,1
725851,529,2025-05-05 19:10:00.000 +0200,24.7272727272727273,18,35,2,0
725851,8222,2025-05-05 19:10:00.000 +0200,25.2727272727272727,20,32,0,2
725865,3017,2025-05-10 15:00:00.000 +0200,24.5454545454545455,16,32,1,0
725865,8221,2025-05-10 15:00:00.000 +0200,23.5454545454545455,16,36,0,1
725862,7834,2025-05-10 17:30:00.000 +0200,27.4545454545454545,17,36,0,2
725859,8222,2025-05-10 17:30:00.000 +0200,26.5454545454545455,20,32,1,1
725862,8547,2025-05-10 17:30:00.000 +0200,24.6363636363636364,18,31,2,0
725859,21382,2025-05-10 17:30:00.000 +0200,27.1818181818181818,25,32,1,1
725863,994,2025-05-11 14:00:00.000 +0200,28.1818181818181818,20,35,2,1
725860,2495,2025-05-11 14:00:00.000 +0200,25.0000000000000000,20,34,1,1
725860,8544,2025-05-11 14:00:00.000 +0200,25.1818181818181818,20,32,1,1
725863,20301,2025-05-11 14:00:00.000 +0200,25.5454545454545455,20,30,1,2
725864,529,2025-05-11 16:30:00.000 +0200,24.0000000000000000,18,35,1,0
725858,2720,2025-05-11 16:30:00.000 +0200,24.6363636363636364,19,34,4,1
725864,2936,2025-05-11 16:30:00.000 +0200,25.1818181818181818,21,30,0,1
725858,20856,2025-05-11 16:30:00.000 +0200,25.1000000000000000,20,32,1,4
725861,2339,2025-05-12 19:10:00.000 +0200,24.7272727272727273,18,36,2,1
725861,2556,2025-05-12 19:10:00.000 +0200,25.0909090909090909,19,38,1,2
725870,994,2025-05-14 19:00:00.000 +0200,29.0000000000000000,20,35,3,3
725869,2495,2025-05-14 19:00:00.000 +0200,24.9090909090909091,19,34,3,2
725867,3017,2025-05-14 19:00:00.000 +0200,24.9090909090909091,17,32,1,3
725870,7834,2025-05-14 19:00:00.000 +0200,24.4545454545454545,17,36,3,3
725867,8222,2025-05-14 19:00:00.000 +0200,25.0000000000000000,19,32,3,1
725869,8547,2025-05-14 19:00:00.000 +0200,25.0909090909090909,18,31,2,3
725868,529,2025-05-15 19:00:00.000 +0200,25.1818181818181818,18,35,4,3
725866,2339,2025-05-15 19:00:00.000 +0200,25.4545454545454545,18,36,1,3
725871,2556,2025-05-15 19:00:00.000 +0200,23.2727272727272727,19,28,0,1
725873,2720,2025-05-15 19:00:00.000 +0200,26.3333333333333333,20,34,2,2
725871,2936,2025-05-15 19:00:00.000 +0200,25.0000000000000000,19,30,1,0
725868,8221,2025-05-15 19:00:00.000 +0200,24.6363636363636364,19,36,3,4
725872,8544,2025-05-15 19:00:00.000 +0200,25.6363636363636364,20,32,1,2
725866,20301,2025-05-15 19:00:00.000 +0200,25.0909090909090909,20,35,3,1
725872,20856,2025-05-15 19:00:00.000 +0200,25.7272727272727273,20,32,2,1
725873,21382,2025-05-15 19:00:00.000 +0200,26.6666666666666667,23,32,2,2
725874,994,2025-05-18 14:00:00.000 +0200,28.6363636363636364,20,35,0,0
725874,2495,2025-05-18 14:00:00.000 +0200,25.4545454545454545,21,34,0,0
725877,7834,2025-05-18 14:00:00.000 +0200,24.8181818181818182,17,36,2,0
725877,21382,2025-05-18 14:00:00.000 +0200,26.5454545454545455,23,32,0,2
725878,2720,2025-05-18 16:30:00.000 +0200,27.2727272727272727,21,34,3,0
725881,2936,2025-05-18 16:30:00.000 +0200,24.3636363636363636,19,28,1,1
725878,3017,2025-05-18 16:30:00.000 +0200,25.1818181818181818,17,37,0,3
725881,8222,2025-05-18 16:30:00.000 +0200,25.0909090909090909,19,32,1,1
725875,2556,2025-05-19 19:00:00.000 +0200,24.1818181818181818,19,38,3,1
725879,8221,2025-05-19 19:00:00.000 +0200,25.2727272727272727,19,36,0,1
725880,8544,2025-05-19 19:00:00.000 +0200,24.1818181818181818,20,32,2,1
725880,8547,2025-05-19 19:00:00.000 +0200,23.8181818181818182,18,31,1,2
725879,20301,2025-05-19 19:00:00.000 +0200,26.3636363636363636,20,35,1,0
725875,20856,2025-05-19 19:00:00.000 +0200,25.5000000000000000,20,32,1,3
725876,529,2025-05-19 19:10:00.000 +0200,25.0909090909090909,18,35,4,0
725876,2339,2025-05-19 19:10:00.000 +0200,25.6363636363636364,18,36,0,4
725943,994,2025-05-22 19:00:00.000 +0200,28.5454545454545455,20,35,0,0
725945,2495,2025-05-22 19:00:00.000 +0200,25.0000000000000000,20,34,1,2
725943,2720,2025-05-22 19:00:00.000 +0200,27.3636363636363636,21,34,0,0
725945,20301,2025-05-22 19:00:00.000 +0200,24.0000000000000000,16,35,2,1
725889,2936,2025-05-24 15:00:00.000 +0200,24.3636363636363636,19,28,1,1
725889,21382,2025-05-24 15:00:00.000 +0200,26.2727272727272727,21,31,1,1
725885,8222,2025-05-24 17:30:00.000 +0200,25.8181818181818182,20,32,2,1
725885,8547,2025-05-24 17:30:00.000 +0200,23.5454545454545455,18,30,1,2
725888,529,2025-05-25 14:00:00.000 +0200,25.0909090909090909,18,35,4,1
725883,2556,2025-05-25 14:00:00.000 +0200,24.4545454545454545,19,38,1,0
725883,2720,2025-05-25 14:00:00.000 +0200,24.2727272727272727,19,34,0,1
725888,3017,2025-05-25 14:00:00.000 +0200,25.1818181818181818,17,37,1,4
725882,994,2025-05-25 16:30:00.000 +0200,28.3333333333333333,24,35,1,0
725886,2339,2025-05-25 16:30:00.000 +0200,24.2727272727272727,18,36,1,1
725886,7834,2025-05-25 16:30:00.000 +0200,25.8181818181818182,17,36,1,1
725882,8221,2025-05-25 16:30:00.000 +0200,25.5000000000000000,17,36,0,1
725884,8544,2025-05-26 19:00:00.000 +0200,24.2727272727272727,17,32,1,1
725884,20301,2025-05-26 19:00:00.000 +0200,25.9000000000000000,20,35,1,1
725887,2495,2025-05-26 19:10:00.000 +0200,25.2727272727272727,20,34,1,0
725887,20856,2025-05-26 19:10:00.000 +0200,25.4000000000000000,18,32,0,1
725846,2339,2025-05-29 18:00:00.000 +0200,23.9090909090909091,18,31,1,0
725846,8221,2025-05-29 18:00:00.000 +0200,25.8181818181818182,19,36,0,1
725892,529,2025-05-31 15:00:00.000 +0200,25.2727272727272727,18,35,0,2
725892,2495,2025-05-31 15:00:00.000 +0200,25.4545454545454545,18,34,2,0
725891,2936,2025-05-31 15:00:00.000 +0200,25.0000000000000000,21,28,2,1
725896,8222,2025-05-31 15:00:00.000 +0200,25.9090909090909091,20,32,3,0
725896,8544,2025-05-31 15:00:00.000 +0200,25.1818181818181818,21,32,0,3
725891,20856,2025-05-31 15:00:00.000 +0200,25.8000000000000000,18,32,1,2
725893,2339,2025-06-01 14:00:00.000 +0200,24.6363636363636364,18,36,0,1
725890,2556,2025-06-01 14:00:00.000 +0200,24.5454545454545455,19,38,3,1
725894,2720,2025-06-01 14:00:00.000 +0200,23.8181818181818182,18,34,3,0
725893,3017,2025-06-01 14:00:00.000 +0200,25.4545454545454545,17,37,1,0
725894,7834,2025-06-01 14:00:00.000 +0200,26.0909090909090909,19,36,0,3
725890,8221,2025-06-01 14:00:00.000 +0200,27.0909090909090909,19,36,1,3
725897,994,2025-06-01 16:30:00.000 +0200,28.1818181818181818,20,35,1,3
725897,8547,2025-06-01 16:30:00.000 +0200,24.7272727272727273,20,31,3,1
725895,20301,2025-06-01 16:30:00.000 +0200,26.4545454545454545,20,35,2,0
725895,21382,2025-06-01 16:30:00.000 +0200,26.0000000000000000,21,31,0,2
725901,2495,2025-06-28 15:00:00.000 +0200,25.1818181818181818,20,34,2,0
725901,3017,2025-06-28 15:00:00.000 +0200,26.6363636363636364,18,37,0,2
725905,2936,2025-06-28 17:30:00.000 +0200,25.0909090909090909,21,28,2,2
725905,8547,2025-06-28 17:30:00.000 +0200,24.9090909090909091,20,31,2,2
725898,994,2025-06-29 14:00:00.000 +0200,25.7272727272727273,16,36,3,0
725898,2556,2025-06-29 14:00:00.000 +0200,23.1818181818181818,19,28,0,3
725899,8221,2025-06-29 14:00:00.000 +0200,24.5454545454545455,17,36,3,0
725899,20856,2025-06-29 14:00:00.000 +0200,25.4000000000000000,20,32,0,3
725904,529,2025-06-29 16:30:00.000 +0200,26.8181818181818182,18,35,0,0
725902,7834,2025-06-29 16:30:00.000 +0200,25.5454545454545455,17,36,1,3
725902,8222,2025-06-29 16:30:00.000 +0200,25.5454545454545455,20,32,3,1
725904,21382,2025-06-29 16:30:00.000 +0200,25.0909090909090909,19,31,0,0
725900,2339,2025-06-30 19:00:00.000 +0200,25.2727272727272727,18,36,1,1
725903,2720,2025-06-30 19:00:00.000 +0200,25.3636363636363636,18,34,1,1
725900,8544,2025-06-30 19:00:00.000 +0200,25.0909090909090909,20,32,1,1
725903,20301,2025-06-30 19:00:00.000 +0200,24.7272727272727273,20,30,1,1
725908,2720,2025-07-05 15:00:00.000 +0200,25.9090909090909091,20,34,0,0
725913,2936,2025-07-05 15:00:00.000 +0200,25.0000000000000000,21,28,0,1
725908,8222,2025-07-05 15:00:00.000 +0200,25.4545454545454545,20,32,0,0
725913,20301,2025-07-05 15:00:00.000 +0200,26.7272727272727273,20,35,1,0
725910,2495,2025-07-05 17:30:00.000 +0200,24.9090909090909091,20,34,1,0
725910,21382,2025-07-05 17:30:00.000 +0200,25.5454545454545455,19,31,0,1
725909,994,2025-07-06 14:00:00.000 +0200,26.5454545454545455,18,36,0,2
725911,2556,2025-07-06 14:00:00.000 +0200,24.0000000000000000,19,28,3,1
725909,3017,2025-07-06 14:00:00.000 +0200,25.7272727272727273,17,37,2,0
725911,8547,2025-07-06 14:00:00.000 +0200,24.7272727272727273,18,31,1,3
725907,529,2025-07-06 16:30:00.000 +0200,26.1818181818181818,18,35,0,2
725906,2339,2025-07-06 16:30:00.000 +0200,25.5454545454545455,18,36,5,1
725907,7834,2025-07-06 16:30:00.000 +0200,24.0000000000000000,17,36,2,0
725906,20856,2025-07-06 16:30:00.000 +0200,25.5000000000000000,20,32,1,5
725912,8221,2025-07-07 19:00:00.000 +0200,24.5454545454545455,17,36,1,0
725912,8544,2025-07-07 19:00:00.000 +0200,26.0000000000000000,20,32,0,1
725918,529,2025-07-12 15:00:00.000 +0200,25.4545454545454545,18,35,2,1
725918,2556,2025-07-12 15:00:00.000 +0200,23.5454545454545455,19,28,1,2
725919,2720,2025-07-12 17:30:00.000 +0200,27.2727272727272727,20,35,3,1
725919,8544,2025-07-12 17:30:00.000 +0200,26.0000000000000000,20,32,1,3
725916,2495,2025-07-13 14:00:00.000 +0200,26.3636363636363636,21,34,2,3
725915,2936,2025-07-13 14:00:00.000 +0200,24.6363636363636364,21,28,0,2
725915,8221,2025-07-13 14:00:00.000 +0200,25.7272727272727273,19,36,2,0
725916,8222,2025-07-13 14:00:00.000 +0200,25.9090909090909091,20,32,3,2
725914,994,2025-07-13 16:30:00.000 +0200,26.8000000000000000,18,36,3,0
725921,2339,2025-07-13 16:30:00.000 +0200,26.0909090909090909,18,36,0,1
725914,20856,2025-07-13 16:30:00.000 +0200,25.8571428571428571,20,34,0,3
725921,21382,2025-07-13 16:30:00.000 +0200,26.4545454545454545,20,34,1,0
725917,3017,2025-07-13 18:30:00.000 +0200,25.6363636363636364,17,37,1,4
725917,7834,2025-07-13 18:30:00.000 +0200,25.0909090909090909,18,36,4,1
725920,8547,2025-07-14 19:00:00.000 +0200,25.3636363636363636,20,31,1,2
725920,20301,2025-07-14 19:00:00.000 +0200,25.9090909090909091,20,35,2,1
725923,529,2025-07-19 15:00:00.000 +0200,25.2727272727272727,18,35,0,1
725923,2339,2025-07-19 15:00:00.000 +0200,26.1818181818181818,18,36,1,0
725929,2720,2025-07-19 15:00:00.000 +0200,24.1818181818181818,18,35,2,0
725929,2936,2025-07-19 15:00:00.000 +0200,25.5454545454545455,22,29,0,2
725922,8222,2025-07-19 17:30:00.000 +0200,24.6363636363636364,22,31,3,0
725922,20856,2025-07-19 17:30:00.000 +0200,26.4545454545454545,20,34,0,3
725926,994,2025-07-20 14:00:00.000 +0200,27.3636363636363636,20,36,0,2
725928,2556,2025-07-20 14:00:00.000 +0200,23.7272727272727273,19,29,1,0
725928,8547,2025-07-20 14:00:00.000 +0200,24.5454545454545455,19,31,0,1
725926,20301,2025-07-20 14:00:00.000 +0200,26.1818181818181818,20,35,2,0
725925,2495,2025-07-20 16:30:00.000 +0200,24.4545454545454545,18,34,3,2
725924,3017,2025-07-20 16:30:00.000 +0200,25.0909090909090909,17,32,0,0
725924,7834,2025-07-20 16:30:00.000 +0200,23.8181818181818182,19,36,0,0
725925,8221,2025-07-20 16:30:00.000 +0200,25.7272727272727273,19,36,2,3
725927,8544,2025-07-21 19:00:00.000 +0200,24.9090909090909091,17,32,3,1
725927,21382,2025-07-21 19:00:00.000 +0200,26.1818181818181818,19,34,1,3
725931,2720,2025-07-26 15:00:00.000 +0200,26.0909090909090909,21,35,3,2
725934,3017,2025-07-26 15:00:00.000 +0200,27.8000000000000000,22,32,0,3
725931,8221,2025-07-26 15:00:00.000 +0200,24.2727272727272727,17,36,2,3
725934,8222,2025-07-26 15:00:00.000 +0200,26.0000000000000000,22,32,3,0
725932,8544,2025-07-26 17:30:00.000 +0200,25.1818181818181818,17,32,0,0
725932,20856,2025-07-26 17:30:00.000 +0200,26.7272727272727273,20,34,0,0
725930,994,2025-07-27 14:00:00.000 +0200,25.1818181818181818,18,34,0,0
725935,2339,2025-07-27 14:00:00.000 +0200,26.0909090909090909,18,36,6,1
725930,2936,2025-07-27 14:00:00.000 +0200,25.6363636363636364,22,29,0,0
725935,7834,2025-07-27 14:00:00.000 +0200,24.9090909090909091,17,36,1,6
725937,2495,2025-07-27 16:30:00.000 +0200,25.0909090909090909,20,34,3,2
725936,8547,2025-07-27 16:30:00.000 +0200,23.1818181818181818,18,31,1,2
725936,20301,2025-07-27 16:30:00.000 +0200,25.1818181818181818,20,30,2,1
725937,21382,2025-07-27 16:30:00.000 +0200,25.0000000000000000,19,34,2,3
725933,529,2025-07-28 19:00:00.000 +0200,24.2727272727272727,18,33,4,3
725933,2556,2025-07-28 19:00:00.000 +0200,23.8181818181818182,19,29,3,4
725940,8221,2025-08-02 15:00:00.000 +0200,23.7272727272727273,17,36,6,4
725940,8544,2025-08-02 15:00:00.000 +0200,26.3636363636363636,20,32,4,6
725938,8222,2025-08-02 17:30:00.000 +0200,25.0909090909090909,20,32,2,2
725938,21382,2025-08-02 17:30:00.000 +0200,26.5454545454545455,19,34,2,2
725941,529,2025-08-03 14:00:00.000 +0200,23.4000000000000000,18,32,2,1
725939,2339,2025-08-03 14:00:00.000 +0200,26.0909090909090909,18,36,1,1
725939,3017,2025-08-03 14:00:00.000 +0200,26.3636363636363636,18,32,1,1
725941,7834,2025-08-03 14:00:00.000 +0200,23.2000000000000000,17,36,1,2
725944,2936,2025-08-03 16:30:00.000 +0200,25.6363636363636364,22,29,1,1
725944,8547,2025-08-03 16:30:00.000 +0200,23.7272727272727273,18,31,1,1
725942,2556,2025-08-04 19:00:00.000 +0200,23.8181818181818182,19,29,3,0
725942,20856,2025-08-04 19:00:00.000 +0200,26.7272727272727273,20,34,0,3
725951,2720,2025-08-09 15:00:00.000 +0200,27.3636363636363636,21,35,1,3
725951,20301,2025-08-09 15:00:00.000 +0200,26.0909090909090909,20,35,3,1
725950,3017,2025-08-09 17:30:00.000 +0200,25.9090909090909091,17,32,0,1
725950,8547,2025-08-09 17:30:00.000 +0200,23.8181818181818182,18,31,1,0
725946,994,2025-08-10 14:00:00.000 +0200,29.2727272727272727,24,36,0,0
725946,2339,2025-08-10 14:00:00.000 +0200,27.4545454545454545,19,36,0,0
725947,7834,2025-08-10 14:00:00.000 +0200,26.3636363636363636,17,36,0,0
725947,20856,2025-08-10 14:00:00.000 +0200,26.2000000000000000,20,34,0,0
725952,2495,2025-08-10 16:30:00.000 +0200,25.4545454545454545,20,34,2,0
725953,2936,2025-08-10 16:30:00.000 +0200,26.3636363636363636,23,31,1,1
725953,8221,2025-08-10 16:30:00.000 +0200,23.9090909090909091,19,36,1,1
725952,8544,2025-08-10 16:30:00.000 +0200,25.1818181818181818,18,32,0,2
725948,529,2025-08-11 19:00:00.000 +0200,26.0000000000000000,18,35,2,2
725949,2556,2025-08-11 19:00:00.000 +0200,25.2727272727272727,19,38,1,0
725949,8222,2025-08-11 19:00:00.000 +0200,25.8181818181818182,20,32,0,1
725948,21382,2025-08-11 19:00:00.000 +0200,25.1818181818181818,19,32,2,2
725955,2720,2025-08-16 15:00:00.000 +0200,24.9090909090909091,19,35,4,0
725955,3017,2025-08-16 15:00:00.000 +0200,26.7272727272727273,18,37,0,4
725960,529,2025-08-16 17:30:00.000 +0200,25.1818181818181818,18,35,1,2
725960,8544,2025-08-16 17:30:00.000 +0200,25.7272727272727273,20,32,2,1
725958,994,2025-08-17 14:00:00.000 +0200,27.0909090909090909,18,36,1,2
725958,2556,2025-08-17 14:00:00.000 +0200,24.0000000000000000,20,29,2,1
725954,8221,2025-08-17 14:00:00.000 +0200,24.0909090909090909,17,36,2,4
725954,8547,2025-08-17 14:00:00.000 +0200,23.4545454545454545,18,31,4,2
725959,2339,2025-08-17 16:30:00.000 +0200,27.0909090909090909,18,36,1,1
725956,2495,2025-08-17 16:30:00.000 +0200,25.6363636363636364,21,34,1,2
725957,2936,2025-08-17 16:30:00.000 +0200,25.6363636363636364,23,29,2,0
725957,7834,2025-08-17 16:30:00.000 +0200,27.3636363636363636,21,34,0,2
725956,8222,2025-08-17 16:30:00.000 +0200,25.8181818181818182,20,32,2,1
725959,20301,2025-08-17 16:30:00.000 +0200,25.2727272727272727,20,30,1,1
725961,20856,2025-08-18 19:00:00.000 +0200,26.5000000000000000,20,34,2,3
725961,21382,2025-08-18 19:00:00.000 +0200,23.4444444444444444,19,31,3,2
725963,2339,2025-08-24 14:00:00.000 +0200,26.2727272727272727,18,36,1,0
725967,2495,2025-08-24 14:00:00.000 +0200,26.0000000000000000,20,34,1,3
725963,8221,2025-08-24 14:00:00.000 +0200,23.4545454545454545,17,36,0,1
725967,8547,2025-08-24 14:00:00.000 +0200,24.0000000000000000,18,31,3,1
725964,529,2025-08-24 16:30:00.000 +0200,24.4000000000000000,18,32,1,2
725962,994,2025-08-24 16:30:00.000 +0200,27.6363636363636364,20,36,1,0
725966,2556,2025-08-24 16:30:00.000 +0200,24.0000000000000000,20,29,0,0
725966,2720,2025-08-24 16:30:00.000 +0200,25.7272727272727273,19,35,0,0
725964,3017,2025-08-24 16:30:00.000 +0200,24.7142857142857143,18,32,2,1
725968,7834,2025-08-24 16:30:00.000 +0200,22.7272727272727273,17,36,5,1
725962,20856,2025-08-24 16:30:00.000 +0200,26.0909090909090909,20,34,0,1
725968,21382,2025-08-24 16:30:00.000 +0200,26.1818181818181818,21,34,1,5
725969,2936,2025-08-25 19:00:00.000 +0200,25.0000000000000000,22,29,1,2
725965,8222,2025-08-25 19:00:00.000 +0200,25.7272727272727273,20,31,0,2
725969,8544,2025-08-25 19:00:00.000 +0200,26.3636363636363636,20,32,2,1
725965,20301,2025-08-25 19:00:00.000 +0200,25.0000000000000000,17,35,2,0
725974,529,2025-08-30 15:00:00.000 +0200,25.5454545454545455,18,35,0,3
725975,2556,2025-08-30 15:00:00.000 +0200,24.8181818181818182,20,38,1,0
725974,8221,2025-08-30 15:00:00.000 +0200,23.1818181818181818,19,36,3,0
725975,21382,2025-08-30 15:00:00.000 +0200,25.8181818181818182,19,34,0,1
725972,3017,2025-08-30 17:30:00.000 +0200,26.0909090909090909,18,32,0,1
725972,20301,2025-08-30 17:30:00.000 +0200,24.5454545454545455,20,30,1,0
725970,994,2025-08-31 14:00:00.000 +0200,27.0000000000000000,20,36,2,1
725977,2339,2025-08-31 14:00:00.000 +0200,26.6363636363636364,18,36,4,0
725971,2720,2025-08-31 14:00:00.000 +0200,25.0909090909090909,19,35,1,1
725977,8544,2025-08-31 14:00:00.000 +0200,25.4545454545454545,17,32,0,4
725970,8547,2025-08-31 14:00:00.000 +0200,24.0000000000000000,18,31,1,2
725971,20856,2025-08-31 14:00:00.000 +0200,24.6000000000000000,20,34,1,1
725976,2495,2025-08-31 16:30:00.000 +0200,25.5454545454545455,21,34,4,0
725976,2936,2025-08-31 16:30:00.000 +0200,25.6363636363636364,21,29,0,4
725973,7834,2025-08-31 16:30:00.000 +0200,26.0000000000000000,20,32,1,2
725973,8222,2025-08-31 16:30:00.000 +0200,25.5454545454545455,20,33,2,1
725979,20301,2025-09-13 15:00:00.000 +0200,26.0909090909090909,20,35,1,0
725979,20856,2025-09-13 15:00:00.000 +0200,25.4000000000000000,20,34,0,1
725982,3017,2025-09-13 17:30:00.000 +0200,26.1818181818181818,18,32,1,1
725982,8544,2025-09-13 17:30:00.000 +0200,25.8181818181818182,19,32,1,1
725980,2339,2025-09-14 14:00:00.000 +0200,26.7272727272727273,18,36,3,3
725980,2495,2025-09-14 14:00:00.000 +0200,25.8181818181818182,21,34,3,3
725985,2936,2025-09-14 15:00:00.000 +0200,26.6363636363636364,23,32,4,3
725985,21382,2025-09-14 15:00:00.000 +0200,25.7272727272727273,19,34,3,4
725981,529,2025-09-14 16:30:00.000 +0200,26.2727272727272727,18,35,2,2
725981,2720,2025-09-14 16:30:00.000 +0200,26.1818181818181818,19,35,2,2
725984,8222,2025-09-14 16:30:00.000 +0200,26.8333333333333333,22,33,0,3
725984,8547,2025-09-14 16:30:00.000 +0200,24.0000000000000000,18,31,3,0
725978,994,2025-09-15 19:00:00.000 +0200,27.5000000000000000,20,36,2,1
725978,8221,2025-09-15 19:00:00.000 +0200,22.5454545454545455,17,36,1,2
725983,2556,2025-09-15 19:10:00.000 +0200,24.5454545454545455,20,38,2,1
725983,7834,2025-09-15 19:10:00.000 +0200,27.3636363636363636,20,36,1,2
725986,529,2025-09-20 15:00:00.000 +0200,26.0909090909090909,18,35,0,2
725989,2339,2025-09-20 15:00:00.000 +0200,26.4545454545454545,18,36,1,0
725989,2720,2025-09-20 15:00:00.000 +0200,26.1818181818181818,19,35,0,1
725986,8222,2025-09-20 15:00:00.000 +0200,25.1818181818181818,20,33,2,0
725990,2936,2025-09-20 17:30:00.000 +0200,26.6363636363636364,23,32,1,1
725990,20301,2025-09-20 17:30:00.000 +0200,25.1818181818181818,20,35,1,1
725987,2495,2025-09-21 14:00:00.000 +0200,25.6363636363636364,20,34,4,0
725988,2556,2025-09-21 14:00:00.000 +0200,26.0000000000000000,20,38,0,1
725987,7834,2025-09-21 14:00:00.000 +0200,26.8181818181818182,20,34,0,4
725988,8221,2025-09-21 14:00:00.000 +0200,23.0000000000000000,17,36,1,0
725992,8547,2025-09-21 16:30:00.000 +0200,24.0000000000000000,18,31,1,3
725992,20856,2025-09-21 16:30:00.000 +0200,24.9090909090909091,20,34,3,1
725993,3017,2025-09-22 19:00:00.000 +0200,25.8181818181818182,18,32,2,1
725993,21382,2025-09-22 19:00:00.000 +0200,24.8181818181818182,19,30,1,2
725991,994,2025-09-22 19:10:00.000 +0200,26.9090909090909091,18,36,1,3
725991,8544,2025-09-22 19:10:00.000 +0200,25.5454545454545455,19,32,3,1
725997,529,2025-09-27 15:00:00.000 +0200,27.7272727272727273,18,35,1,2
725997,20856,2025-09-27 15:00:00.000 +0200,25.7272727272727273,20,34,2,1
725999,7834,2025-09-27 17:30:00.000 +0200,27.8000000000000000,17,36,2,0
725999,8544,2025-09-27 17:30:00.000 +0200,25.5454545454545455,19,32,0,2
725998,2495,2025-09-28 14:00:00.000 +0200,25.5454545454545455,18,34,0,1
725998,3017,2025-09-28 14:00:00.000 +0200,24.9090909090909091,17,32,1,0
725995,8221,2025-09-28 14:00:00.000 +0200,25.7272727272727273,17,36,0,1
725995,20301,2025-09-28 14:00:00.000 +0200,26.4545454545454545,20,35,1,0
725994,994,2025-09-28 16:30:00.000 +0200,27.3636363636363636,20,36,1,1
726000,2720,2025-09-28 16:30:00.000 +0200,26.2727272727272727,19,35,3,2
725994,8222,2025-09-28 16:30:00.000 +0200,25.1818181818181818,20,33,1,1
726000,21382,2025-09-28 16:30:00.000 +0200,25.3636363636363636,19,31,2,3
725996,2339,2025-09-29 19:00:00.000 +0200,26.3636363636363636,18,36,8,2
725996,8547,2025-09-29 19:00:00.000 +0200,23.6363636363636364,18,29,2,8
726001,2556,2025-09-29 19:10:00.000 +0200,24.8181818181818182,20,38,2,0
726001,2936,2025-09-29 19:10:00.000 +0200,25.7272727272727273,23,29,0,2
726007,529,2025-10-04 15:00:00.000 +0200,25.5454545454545455,19,32,0,2
726004,2339,2025-10-04 15:00:00.000 +0200,26.8181818181818182,18,36,1,1
726009,2936,2025-10-04 15:00:00.000 +0200,25.3636363636363636,21,29,3,0
726009,3017,2025-10-04 15:00:00.000 +0200,24.0000000000000000,17,32,0,3
726007,20301,2025-10-04 15:00:00.000 +0200,25.5454545454545455,17,35,2,0
726004,20856,2025-10-04 15:00:00.000 +0200,25.9090909090909091,20,34,1,1
726005,8222,2025-10-04 17:30:00.000 +0200,24.2727272727272727,20,31,2,1
726005,8544,2025-10-04 17:30:00.000 +0200,23.4545454545454545,17,31,1,2
726002,994,2025-10-05 14:00:00.000 +0200,25.2222222222222222,16,36,2,3
726006,2495,2025-10-05 14:00:00.000 +0200,25.0909090909090909,17,34,2,1
726006,2556,2025-10-05 14:00:00.000 +0200,25.0000000000000000,20,38,1,2
726002,21382,2025-10-05 14:00:00.000 +0200,24.6666666666666667,19,31,3,2
726008,2720,2025-10-05 16:30:00.000 +0200,24.8181818181818182,19,35,1,5
726003,7834,2025-10-05 16:30:00.000 +0200,27.0000000000000000,19,36,3,1
726003,8221,2025-10-05 16:30:00.000 +0200,25.0000000000000000,17,36,1,3
726008,8547,2025-10-05 16:30:00.000 +0200,24.0000000000000000,18,31,5,1
726016,2720,2025-10-18 15:00:00.000 +0200,28.0909090909090909,19,37,2,0
726016,8544,2025-10-18 15:00:00.000 +0200,25.8181818181818182,19,33,0,2
726014,7834,2025-10-18 17:30:00.000 +0200,27.6363636363636364,19,34,1,1
726014,8547,2025-10-18 17:30:00.000 +0200,24.0000000000000000,18,31,1,1
726013,994,2025-10-19 14:00:00.000 +0200,25.2727272727272727,18,36,1,2
726012,2339,2025-10-19 14:00:00.000 +0200,27.0000000000000000,18,36,2,3
726013,2495,2025-10-19 14:00:00.000 +0200,24.8181818181818182,17,34,2,1
726012,8222,2025-10-19 14:00:00.000 +0200,25.5454545454545455,21,31,3,2
726011,529,2025-10-19 16:30:00.000 +0200,26.8181818181818182,22,35,5,1
726011,2936,2025-10-19 16:30:00.000 +0200,25.3636363636363636,21,29,1,5
726017,8221,2025-10-19 16:30:00.000 +0200,24.7272727272727273,17,36,1,1
726017,21382,2025-10-19 16:30:00.000 +0200,25.5454545454545455,19,33,1,1
726010,3017,2025-10-20 19:00:00.000 +0200,25.9090909090909091,18,32,1,0
726010,20856,2025-10-20 19:00:00.000 +0200,26.2727272727272727,20,34,0,1
726015,2556,2025-10-20 19:10:00.000 +0200,24.6363636363636364,20,38,0,2
726015,20301,2025-10-20 19:10:00.000 +0200,26.8181818181818182,21,35,2,0
726020,2339,2025-10-25 15:00:00.000 +0200,27.2727272727272727,18,36,6,2
726020,21382,2025-10-25 15:00:00.000 +0200,26.7272727272727273,19,34,2,6
726025,2936,2025-10-25 17:30:00.000 +0200,26.0909090909090909,23,29,1,2
726025,20856,2025-10-25 17:30:00.000 +0200,25.9090909090909091,20,34,2,1
726024,529,2025-10-26 14:00:00.000 +0100,26.7272727272727273,21,35,0,4
726023,8544,2025-10-26 14:00:00.000 +0100,26.0909090909090909,21,33,1,2
726024,8547,2025-10-26 14:00:00.000 +0100,24.0000000000000000,18,31,4,0
726023,20301,2025-10-26 14:00:00.000 +0100,23.4545454545454545,17,30,2,1
726018,994,2025-10-26 16:30:00.000 +0100,28.1818181818181818,20,36,2,2
726021,2556,2025-10-26 16:30:00.000 +0100,24.8181818181818182,20,38,3,0
726021,3017,2025-10-26 16:30:00.000 +0100,27.6363636363636364,22,37,0,3
726018,7834,2025-10-26 16:30:00.000 +0100,27.0909090909090909,19,36,2,2
726019,8221,2025-10-27 19:00:00.000 +0100,25.0909090909090909,17,36,0,2
726019,8222,2025-10-27 19:00:00.000 +0100,25.2727272727272727,22,31,2,0
726022,2495,2025-10-27 19:10:00.000 +0100,24.6363636363636364,17,34,3,1
726022,2720,2025-10-27 19:10:00.000 +0100,27.8181818181818182,19,37,1,3
726031,2720,2025-11-01 15:00:00.000 +0100,25.0000000000000000,18,35,1,1
726031,7834,2025-11-01 15:00:00.000 +0100,28.1818181818181818,19,36,1,1
726032,8544,2025-11-01 17:30:00.000 +0100,25.4545454545454545,18,33,1,2
726032,8547,2025-11-01 17:30:00.000 +0100,24.0000000000000000,18,31,2,1
726028,529,2025-11-02 14:00:00.000 +0100,28.5454545454545455,22,35,0,3
726028,994,2025-11-02 14:00:00.000 +0100,26.5454545454545455,20,36,3,0
726030,3017,2025-11-02 14:00:00.000 +0100,25.8181818181818182,18,32,0,0
726030,8221,2025-11-02 14:00:00.000 +0100,25.1818181818181818,17,36,0,0
726027,2339,2025-11-02 16:30:00.000 +0100,27.3636363636363636,18,36,0,0
726027,2556,2025-11-02 16:30:00.000 +0100,24.0000000000000000,17,38,0,0
726029,2936,2025-11-02 16:30:00.000 +0100,25.4545454545454545,21,30,1,1
726029,8222,2025-11-02 16:30:00.000 +0100,24.2727272727272727,20,31,1,1
726026,2495,2025-11-03 19:00:00.000 +0100,24.4545454545454545,17,34,1,1
726033,20301,2025-11-03 19:00:00.000 +0100,26.0000000000000000,20,35,5,0
726026,20856,2025-11-03 19:00:00.000 +0100,25.6363636363636364,20,34,1,1
726033,21382,2025-11-03 19:00:00.000 +0100,27.4545454545454545,19,35,0,5
